seqnames,strand,pam_start,pam_end,guideseq_start,guideseq_end,cut_start,cut_end,flank_start,flank_end,full_flank_sequence,full_sequence,guide_sequence,pam_sequence,full_start,full_end,protospacer_start,protospacer_end,protospacer_sequence
chr1,+,69151,69154,69151,69177,69174,69177,69145,69183,TTCCTATTTATGTTGTTTTTTGTATTCTATGGAGGAATC,TTTATGTTGTTTTTTGTATTCTATGGA,TTTATGTTGTTTTTTGTATTCTATGGA,TTTA,69151,69177,69155,69177,TGTTGTTTTTTGTATTCTATGGA
chr1,+,69599,69602,69599,69625,69622,69625,69593,69631,ATAGTTTTTATTGTGACCTTCCTAGGGTAATCAAACTTG,TTTATTGTGACCTTCCTAGGGTAATCA,TTTATTGTGACCTTCCTAGGGTAATCA,TTTA,69599,69625,69603,69625,TTGTGACCTTCCTAGGGTAATCA
chr1,+,69756,69759,69756,69782,69779,69782,69750,69788,TCGCCCTTTAGATAAGTCGTCCAAAGCTCTGTCCACTTT,TTTAGATAAGTCGTCCAAAGCTCTGTC,TTTAGATAAGTCGTCCAAAGCTCTGTC,TTTA,69756,69782,69760,69782,GATAAGTCGTCCAAAGCTCTGTC
chr1,+,69835,69838,69835,69861,69858,69861,69829,69867,TGTGTCTTTATTTATGCCTGGCCATTCCCCATCAAGTCA,TTTATTTATGCCTGGCCATTCCCCATC,TTTATTTATGCCTGGCCATTCCCCATC,TTTA,69835,69861,69839,69861,TTTATGCCTGGCCATTCCCCATC
chr1,+,69839,69842,69839,69865,69862,69865,69833,69871,TCTTTATTTATGCCTGGCCATTCCCCATCAAGTCATTAG,TTTATGCCTGGCCATTCCCCATCAAGT,TTTATGCCTGGCCATTCCCCATCAAGT,TTTA,69839,69865,69843,69865,TGCCTGGCCATTCCCCATCAAGT
chr1,+,69890,69893,69890,69916,69913,69916,69884,69922,CTGTATTTTATTCTGTGATCACCCCTCTCTTGAACCCAA,TTTATTCTGTGATCACCCCTCTCTTGA,TTTATTCTGTGATCACCCCTCTCTTGA,TTTA,69890,69916,69894,69916,TTCTGTGATCACCCCTCTCTTGA
chr1,+,450739,450742,450739,450765,450762,450765,450733,450771,ATATCATTTATGAGATCCTCTTGTAAATCACTAGCTGTT,TTTATGAGATCCTCTTGTAAATCACTA,TTTATGAGATCCTCTTGTAAATCACTA,TTTA,450739,450765,450743,450765,TGAGATCCTCTTGTAAATCACTA
chr1,+,450783,450786,450783,450809,450806,450809,450777,450815,ACTCTCTTTATTGCTGCCTTCATCTCCTTATTCCTGAAT,TTTATTGCTGCCTTCATCTCCTTATTC,TTTATTGCTGCCTTCATCTCCTTATTC,TTTA,450783,450809,450787,450809,TTGCTGCCTTCATCTCCTTATTC
chr1,+,945576,945579,945576,945602,945599,945602,945570,945608,GAGGTCTTTAAATTGCTTCCTGTCCTCATCCTTCCTGTC,TTTAAATTGCTTCCTGTCCTCATCCTT,TTTAAATTGCTTCCTGTCCTCATCCTT,TTTA,945576,945602,945580,945602,AATTGCTTCCTGTCCTCATCCTT
chr1,+,957166,957169,957166,957192,957189,957192,957160,957198,CTGAAGTTTAGCAGGCTCTGGTCATTCTCCTGCAGGAAC,TTTAGCAGGCTCTGGTCATTCTCCTGC,TTTAGCAGGCTCTGGTCATTCTCCTGC,TTTA,957166,957192,957170,957192,GCAGGCTCTGGTCATTCTCCTGC
chr1,+,970939,970942,970939,970965,970962,970965,970933,970971,GCTGGCTTTACCACCTGGAGAAGCAGACGGCCCTCCTCG,TTTACCACCTGGAGAAGCAGACGGCCC,TTTACCACCTGGAGAAGCAGACGGCCC,TTTA,970939,970965,970943,970965,CCACCTGGAGAAGCAGACGGCCC
chr1,+,1048026,1048029,1048026,1048052,1048049,1048052,1048020,1048058,CCTGCGTTTATCACGGGGGCCACGTCAGGAGCCATTGCT,TTTATCACGGGGGCCACGTCAGGAGCC,TTTATCACGGGGGCCACGTCAGGAGCC,TTTA,1048026,1048052,1048030,1048052,TCACGGGGGCCACGTCAGGAGCC
chr1,+,1085909,1085912,1085909,1085935,1085932,1085935,1085903,1085941,GGGGAGTTTACTGGAGCGCTTGAGGTAGAAGAACCCAGC,TTTACTGGAGCGCTTGAGGTAGAAGAA,TTTACTGGAGCGCTTGAGGTAGAAGAA,TTTA,1085909,1085935,1085913,1085935,CTGGAGCGCTTGAGGTAGAAGAA
chr1,+,1184045,1184048,1184045,1184071,1184068,1184071,1184039,1184077,TTAGCCTTTACGACCCCCATTCCAGCGACCTCGGCGGCC,TTTACGACCCCCATTCCAGCGACCTCG,TTTACGACCCCCATTCCAGCGACCTCG,TTTA,1184045,1184071,1184049,1184071,CGACCCCCATTCCAGCGACCTCG
chr1,+,1206376,1206379,1206376,1206402,1206399,1206402,1206370,1206408,ACGCGGTTTACTTACCCGGGTAATCGCGGCAGCAGCGCG,TTTACTTACCCGGGTAATCGCGGCAGC,TTTACTTACCCGGGTAATCGCGGCAGC,TTTA,1206376,1206402,1206380,1206402,CTTACCCGGGTAATCGCGGCAGC
chr1,+,1223311,1223314,1223311,1223337,1223334,1223337,1223305,1223343,ATGGCCTTTACTCGCCAAAAACTTCACCTTATACTCGTC,TTTACTCGCCAAAAACTTCACCTTATA,TTTACTCGCCAAAAACTTCACCTTATA,TTTA,1223311,1223337,1223315,1223337,CTCGCCAAAAACTTCACCTTATA
chr1,+,1256078,1256081,1256078,1256104,1256101,1256104,1256072,1256110,AAAGACTTTATCTTTCAAATTAAATGCTAAACTCTGCAC,TTTATCTTTCAAATTAAATGCTAAACT,TTTATCTTTCAAATTAAATGCTAAACT,TTTA,1256078,1256104,1256082,1256104,TCTTTCAAATTAAATGCTAAACT
chr1,+,1283969,1283972,1283969,1283995,1283992,1283995,1283963,1284001,GCCTGTTTTAAATAGGAGGCCAGAGGCTCCATCCTGCTT,TTTAAATAGGAGGCCAGAGGCTCCATC,TTTAAATAGGAGGCCAGAGGCTCCATC,TTTA,1283969,1283995,1283973,1283995,AATAGGAGGCCAGAGGCTCCATC
chr1,+,1287134,1287137,1287134,1287160,1287157,1287160,1287128,1287166,ACTGCTTTTACCGAGGCTACACGTCAGGCGTGGCGGCTG,TTTACCGAGGCTACACGTCAGGCGTGG,TTTACCGAGGCTACACGTCAGGCGTGG,TTTA,1287134,1287160,1287138,1287160,CCGAGGCTACACGTCAGGCGTGG
chr1,+,1296212,1296215,1296212,1296238,1296235,1296238,1296206,1296244,CGCACCTTTAGCAGCTCAGGCTCCCACGAGTCCAGCGTC,TTTAGCAGCTCAGGCTCCCACGAGTCC,TTTAGCAGCTCAGGCTCCCACGAGTCC,TTTA,1296212,1296238,1296216,1296238,GCAGCTCAGGCTCCCACGAGTCC
chr1,+,1315547,1315550,1315547,1315573,1315570,1315573,1315541,1315579,GCCCACTTTAATCTGGAACATGGCTGCCCCCAGCACGTG,TTTAATCTGGAACATGGCTGCCCCCAG,TTTAATCTGGAACATGGCTGCCCCCAG,TTTA,1315547,1315573,1315551,1315573,ATCTGGAACATGGCTGCCCCCAG
chr1,+,1373853,1373856,1373853,1373879,1373876,1373879,1373847,1373885,GCTTCCTTTAGCCCCGCCTTCAGCCAGATGCGCCTCAGG,TTTAGCCCCGCCTTCAGCCAGATGCGC,TTTAGCCCCGCCTTCAGCCAGATGCGC,TTTA,1373853,1373879,1373857,1373879,GCCCCGCCTTCAGCCAGATGCGC
chr1,+,1390487,1390490,1390487,1390513,1390510,1390513,1390481,1390519,AAGATCTTTAAGCAGATTTCCTGAATTTCTTCTTCAGTT,TTTAAGCAGATTTCCTGAATTTCTTCT,TTTAAGCAGATTTCCTGAATTTCTTCT,TTTA,1390487,1390513,1390491,1390513,AGCAGATTTCCTGAATTTCTTCT
chr1,+,1395455,1395458,1395455,1395481,1395478,1395481,1395449,1395487,TCCGCCTTTATAATTTGGTTCTTTAAATTAACATAATCT,TTTATAATTTGGTTCTTTAAATTAACA,TTTATAATTTGGTTCTTTAAATTAACA,TTTA,1395455,1395481,1395459,1395481,TAATTTGGTTCTTTAAATTAACA
chr1,+,1395470,1395473,1395470,1395496,1395493,1395496,1395464,1395502,TGGTTCTTTAAATTAACATAATCTTGATCCAGTAGTAGA,TTTAAATTAACATAATCTTGATCCAGT,TTTAAATTAACATAATCTTGATCCAGT,TTTA,1395470,1395496,1395474,1395496,AATTAACATAATCTTGATCCAGT
chr1,+,1452063,1452066,1452063,1452089,1452086,1452089,1452057,1452095,TGAGGATTTACGGAAGCAGGAGGAGTCCGTGCAGAAGCA,TTTACGGAAGCAGGAGGAGTCCGTGCA,TTTACGGAAGCAGGAGGAGTCCGTGCA,TTTA,1452063,1452089,1452067,1452089,CGGAAGCAGGAGGAGTCCGTGCA
chr1,+,1495707,1495710,1495707,1495733,1495730,1495733,1495701,1495739,TGCACATTTAGGATATGCTCCTGGATGGGGACTGGGCTG,TTTAGGATATGCTCCTGGATGGGGACT,TTTAGGATATGCTCCTGGATGGGGACT,TTTA,1495707,1495733,1495711,1495733,GGATATGCTCCTGGATGGGGACT
chr1,+,1564748,1564751,1564748,1564774,1564771,1564774,1564742,1564780,GGGGTTTTTAAAGGGCAACCCGCTGGGATACAGTTCTTT,TTTAAAGGGCAACCCGCTGGGATACAG,TTTAAAGGGCAACCCGCTGGGATACAG,TTTA,1564748,1564774,1564752,1564774,AAGGGCAACCCGCTGGGATACAG
chr1,+,1624772,1624775,1624772,1624798,1624795,1624798,1624766,1624804,GAGAGCTTTATTTGTGAACCCTCTTGCAGTGTCACACTG,TTTATTTGTGAACCCTCTTGCAGTGTC,TTTATTTGTGAACCCTCTTGCAGTGTC,TTTA,1624772,1624798,1624776,1624798,TTTGTGAACCCTCTTGCAGTGTC
chr1,+,1625546,1625549,1625546,1625572,1625569,1625572,1625540,1625578,CCACAGTTTATCGGACAGACGGGCACCGTGCATCGTATC,TTTATCGGACAGACGGGCACCGTGCAT,TTTATCGGACAGACGGGCACCGTGCAT,TTTA,1625546,1625572,1625550,1625572,TCGGACAGACGGGCACCGTGCAT
chr1,+,1649564,1649567,1649564,1649590,1649587,1649590,1649558,1649596,GCGAGCTTTATCCTGTTCTTCTCGATGCCGTTTCCGACG,TTTATCCTGTTCTTCTCGATGCCGTTT,TTTATCCTGTTCTTCTCGATGCCGTTT,TTTA,1649564,1649590,1649568,1649590,TCCTGTTCTTCTCGATGCCGTTT
chr1,+,1657379,1657382,1657379,1657405,1657402,1657405,1657373,1657411,ACATTTTTTAAGCGTTTTATCTCTGCTTTCTCCTCTTGT,TTTAAGCGTTTTATCTCTGCTTTCTCC,TTTAAGCGTTTTATCTCTGCTTTCTCC,TTTA,1657379,1657405,1657383,1657405,AGCGTTTTATCTCTGCTTTCTCC
chr1,+,1657388,1657391,1657388,1657414,1657411,1657414,1657382,1657420,AAGCGTTTTATCTCTGCTTTCTCCTCTTGTTCCTTCCTT,TTTATCTCTGCTTTCTCCTCTTGTTCC,TTTATCTCTGCTTTCTCCTCTTGTTCC,TTTA,1657388,1657414,1657392,1657414,TCTCTGCTTTCTCCTCTTGTTCC
chr1,+,1676059,1676062,1676059,1676085,1676082,1676085,1676053,1676091,AGATTCTTTACCTCATCAGACCCACAAACAGCATCGTCA,TTTACCTCATCAGACCCACAAACAGCA,TTTACCTCATCAGACCCACAAACAGCA,TTTA,1676059,1676085,1676063,1676085,CCTCATCAGACCCACAAACAGCA
chr1,+,1716411,1716414,1716411,1716437,1716434,1716437,1716405,1716443,GCGAGCTTTATCCTGTTCTTCTCGATGTCGTTTCCGACG,TTTATCCTGTTCTTCTCGATGTCGTTT,TTTATCCTGTTCTTCTCGATGTCGTTT,TTTA,1716411,1716437,1716415,1716437,TCCTGTTCTTCTCGATGTCGTTT
chr1,+,1806508,1806511,1806508,1806534,1806531,1806534,1806502,1806540,GATAAGTTTACCATCCTGCGAGGCACTGACGAGAAGCCT,TTTACCATCCTGCGAGGCACTGACGAG,TTTACCATCCTGCGAGGCACTGACGAG,TTTA,1806508,1806534,1806512,1806534,CCATCCTGCGAGGCACTGACGAG
chr1,+,1916797,1916800,1916797,1916823,1916820,1916823,1916791,1916829,TGGGAGTTTACCATGAGAAGGCCCAGAACCAGGAGAGCG,TTTACCATGAGAAGGCCCAGAACCAGG,TTTACCATGAGAAGGCCCAGAACCAGG,TTTA,1916797,1916823,1916801,1916823,CCATGAGAAGGCCCAGAACCAGG
chr1,+,1926689,1926692,1926689,1926715,1926712,1926715,1926683,1926721,CTTGCCTTTATGGGACGTCACCACAACAGATGGTGCCAC,TTTATGGGACGTCACCACAACAGATGG,TTTATGGGACGTCACCACAACAGATGG,TTTA,1926689,1926715,1926693,1926715,TGGGACGTCACCACAACAGATGG
chr1,+,1946968,1946971,1946968,1946994,1946991,1946994,1946962,1947000,AGCTATTTTAGGGCCTGAGCTGGCTGACCTCCCCCAGCG,TTTAGGGCCTGAGCTGGCTGACCTCCC,TTTAGGGCCTGAGCTGGCTGACCTCCC,TTTA,1946968,1946994,1946972,1946994,GGGCCTGAGCTGGCTGACCTCCC
chr1,+,1955824,1955827,1955824,1955850,1955847,1955850,1955818,1955856,CAAGCTTTTATCTTCGTAGGTCAGGAGACTGCTCTAGAG,TTTATCTTCGTAGGTCAGGAGACTGCT,TTTATCTTCGTAGGTCAGGAGACTGCT,TTTA,1955824,1955850,1955828,1955850,TCTTCGTAGGTCAGGAGACTGCT
chr1,+,1963821,1963824,1963821,1963847,1963844,1963847,1963815,1963853,GTGGTGTTTACCAACGTGATCTTTTTCTTGTACACTTTG,TTTACCAACGTGATCTTTTTCTTGTAC,TTTACCAACGTGATCTTTTTCTTGTAC,TTTA,1963821,1963847,1963825,1963847,CCAACGTGATCTTTTTCTTGTAC
chr1,+,1988622,1988625,1988622,1988648,1988645,1988648,1988616,1988654,CTTCAATTTATCAGCATCAGTATCTAGTTCTTTCACTGA,TTTATCAGCATCAGTATCTAGTTCTTT,TTTATCAGCATCAGTATCTAGTTCTTT,TTTA,1988622,1988648,1988626,1988648,TCAGCATCAGTATCTAGTTCTTT
chr1,+,1990882,1990885,1990882,1990908,1990905,1990908,1990876,1990914,AGAAGCTTTATTACCATCTTCCAAAAGAAGGGCATCGGC,TTTATTACCATCTTCCAAAAGAAGGGC,TTTATTACCATCTTCCAAAAGAAGGGC,TTTA,1990882,1990908,1990886,1990908,TTACCATCTTCCAAAAGAAGGGC
chr1,+,2030209,2030212,2030209,2030235,2030232,2030235,2030203,2030241,TTGACATTTACGCCCGCGCTGTGTTCCCTGCGGCGTTTG,TTTACGCCCGCGCTGTGTTCCCTGCGG,TTTACGCCCGCGCTGTGTTCCCTGCGG,TTTA,2030209,2030235,2030213,2030235,CGCCCGCGCTGTGTTCCCTGCGG
chr1,+,2150932,2150935,2150932,2150958,2150955,2150958,2150926,2150964,ACCAAATTTACGCCATGAAAGTGGTGAAGAAAGAGCTGG,TTTACGCCATGAAAGTGGTGAAGAAAG,TTTACGCCATGAAAGTGGTGAAGAAAG,TTTA,2150932,2150958,2150936,2150958,CGCCATGAAAGTGGTGAAGAAAG
chr1,+,2304328,2304331,2304328,2304354,2304351,2304354,2304322,2304360,CCGTCCTTTACCTCATCCAGCTCCGCCAAGGACCTGGGC,TTTACCTCATCCAGCTCCGCCAAGGAC,TTTACCTCATCCAGCTCCGCCAAGGAC,TTTA,2304328,2304354,2304332,2304354,CCTCATCCAGCTCCGCCAAGGAC
chr1,+,2397117,2397120,2397117,2397143,2397140,2397143,2397111,2397149,TCTAGATTTATCAGTCCTGGCTAGACAAGTCCACACCCT,TTTATCAGTCCTGGCTAGACAAGTCCA,TTTATCAGTCCTGGCTAGACAAGTCCA,TTTA,2397117,2397143,2397121,2397143,TCAGTCCTGGCTAGACAAGTCCA
chr1,+,2511339,2511342,2511339,2511365,2511362,2511365,2511333,2511371,CATACCTTTAATCTCTGAAGCCACTCGCTGTAGGAATCC,TTTAATCTCTGAAGCCACTCGCTGTAG,TTTAATCTCTGAAGCCACTCGCTGTAG,TTTA,2511339,2511365,2511343,2511365,ATCTCTGAAGCCACTCGCTGTAG
chr1,+,2595251,2595254,2595251,2595277,2595274,2595277,2595245,2595283,GGGCAGTTTAGGGCTGGGGTTGGGGGCGCACATTGGAGT,TTTAGGGCTGGGGTTGGGGGCGCACAT,TTTAGGGCTGGGGTTGGGGGCGCACAT,TTTA,2595251,2595277,2595255,2595277,GGGCTGGGGTTGGGGGCGCACAT
chr1,+,2612141,2612144,2612141,2612167,2612164,2612167,2612135,2612173,TTTCGTTTTACAAAGGTCCTCTCCTCCTGTAAGAAGCAC,TTTACAAAGGTCCTCTCCTCCTGTAAG,TTTACAAAGGTCCTCTCCTCCTGTAAG,TTTA,2612141,2612167,2612145,2612167,CAAAGGTCCTCTCCTCCTGTAAG
chr1,+,11532,11535,11532,11558,11555,11558,11526,11564,CCTGGGTTTAAAAGTAAAAAATAAATATGTTTAATTTGT,TTTAAAAGTAAAAAATAAATATGTTTA,TTTAAAAGTAAAAAATAAATATGTTTA,TTTA,11532,11558,11536,11558,AAAGTAAAAAATAAATATGTTTA
chr1,+,11555,11558,11555,11581,11578,11581,11549,11587,AATATGTTTAATTTGTGAACTGATTACCATCAGAATTGT,TTTAATTTGTGAACTGATTACCATCAG,TTTAATTTGTGAACTGATTACCATCAG,TTTA,11555,11581,11559,11581,ATTTGTGAACTGATTACCATCAG
chr1,+,11642,11645,11642,11668,11665,11668,11636,11674,AAAGTGTTTACTTTTGGATTTTTGCCAGTCTAACAGGTG,TTTACTTTTGGATTTTTGCCAGTCTAA,TTTACTTTTGGATTTTTGCCAGTCTAA,TTTA,11642,11668,11646,11668,CTTTTGGATTTTTGCCAGTCTAA
chr1,+,11730,11733,11730,11756,11753,11756,11724,11762,TATTTTTTTAAATTTCCACTGATGATTTTGCTGCATGGC,TTTAAATTTCCACTGATGATTTTGCTG,TTTAAATTTCCACTGATGATTTTGCTG,TTTA,11730,11756,11734,11756,AATTTCCACTGATGATTTTGCTG
chr1,+,11821,11824,11821,11847,11844,11847,11815,11853,ATGTAGTTTAAACGAGATTGCCAGCACCGGGTATCATTC,TTTAAACGAGATTGCCAGCACCGGGTA,TTTAAACGAGATTGCCAGCACCGGGTA,TTTA,11821,11847,11825,11847,AACGAGATTGCCAGCACCGGGTA
chr1,+,13907,13910,13907,13933,13930,13933,13901,13939,TCTCAATTTAAGAAGATCCCCATGGCCACAGGGCCCCTG,TTTAAGAAGATCCCCATGGCCACAGGG,TTTAAGAAGATCCCCATGGCCACAGGG,TTTA,13907,13933,13911,13933,AGAAGATCCCCATGGCCACAGGG
chr1,+,14168,14171,14168,14194,14191,14194,14162,14200,ACTATTTTTAGAGACCCCGTGTCTGTCACTGAAACCTTT,TTTAGAGACCCCGTGTCTGTCACTGAA,TTTAGAGACCCCGTGTCTGTCACTGAA,TTTA,14168,14194,14172,14194,GAGACCCCGTGTCTGTCACTGAA
chr1,+,14382,14385,14382,14408,14405,14408,14376,14414,AGATCCTTTATTAAAAGCACACTGTTGGTTTCTGCTCAG,TTTATTAAAAGCACACTGTTGGTTTCT,TTTATTAAAAGCACACTGTTGGTTTCT,TTTA,14382,14408,14386,14408,TTAAAAGCACACTGTTGGTTTCT
chr1,+,14418,14421,14418,14444,14441,14444,14412,14450,CAGTTCTTTATTGATTGGTGTGCCGTTTTCTCTGGAAGC,TTTATTGATTGGTGTGCCGTTTTCTCT,TTTATTGATTGGTGTGCCGTTTTCTCT,TTTA,14418,14444,14422,14444,TTGATTGGTGTGCCGTTTTCTCT
chr1,+,16366,16369,16366,16392,16389,16392,16360,16398,CATTGGTTTAATTAGGAATGGGGAACCCAGAGCCTCACT,TTTAATTAGGAATGGGGAACCCAGAGC,TTTAATTAGGAATGGGGAACCCAGAGC,TTTA,16366,16392,16370,16392,ATTAGGAATGGGGAACCCAGAGC
chr1,+,16462,16465,16462,16488,16485,16488,16456,16494,CACTATTTTATGAACCAAGTAGAACAAGATATTTGAAAT,TTTATGAACCAAGTAGAACAAGATATT,TTTATGAACCAAGTAGAACAAGATATT,TTTA,16462,16488,16466,16488,TGAACCAAGTAGAACAAGATATT
chr1,+,18674,18677,18674,18700,18697,18700,18668,18706,ATGGTATTTACACATGCACACATGGCTACTGATGGGGCA,TTTACACATGCACACATGGCTACTGAT,TTTACACATGCACACATGGCTACTGAT,TTTA,18674,18700,18678,18700,CACATGCACACATGGCTACTGAT
chr1,+,19077,19080,19077,19103,19100,19103,19071,19109,TGATGCTTTAAGGCACATCACCCCACTCATGCTTTTCCA,TTTAAGGCACATCACCCCACTCATGCT,TTTAAGGCACATCACCCCACTCATGCT,TTTA,19077,19103,19081,19103,AGGCACATCACCCCACTCATGCT
chr1,+,20501,20504,20501,20527,20524,20527,20495,20533,ACAATTTTTAAAGGCCAGAGGGTAGACTGCAATCACCAA,TTTAAAGGCCAGAGGGTAGACTGCAAT,TTTAAAGGCCAGAGGGTAGACTGCAAT,TTTA,20501,20527,20505,20527,AAGGCCAGAGGGTAGACTGCAAT
chr1,+,20541,20544,20541,20567,20564,20567,20535,20573,ATGAAATTTACAAGGAACAAATGTGAAGCCCAACATTTA,TTTACAAGGAACAAATGTGAAGCCCAA,TTTACAAGGAACAAATGTGAAGCCCAA,TTTA,20541,20567,20545,20567,CAAGGAACAAATGTGAAGCCCAA
chr1,+,20570,20573,20570,20596,20593,20596,20564,20602,CCAACATTTAGGTTTTAAAAATCAAGCGTATAAATACAG,TTTAGGTTTTAAAAATCAAGCGTATAA,TTTAGGTTTTAAAAATCAAGCGTATAA,TTTA,20570,20596,20574,20596,GGTTTTAAAAATCAAGCGTATAA
chr1,+,20577,20580,20577,20603,20600,20603,20571,20609,TTAGGTTTTAAAAATCAAGCGTATAAATACAGAAGGTGG,TTTAAAAATCAAGCGTATAAATACAGA,TTTAAAAATCAAGCGTATAAATACAGA,TTTA,20577,20603,20581,20603,AAAATCAAGCGTATAAATACAGA
chr1,+,20621,20624,20621,20647,20644,20647,20615,20653,ACTTGCTTTAGACACAGTTCAGGTGAAGAAAGACCTGGA,TTTAGACACAGTTCAGGTGAAGAAAGA,TTTAGACACAGTTCAGGTGAAGAAAGA,TTTA,20621,20647,20625,20647,GACACAGTTCAGGTGAAGAAAGA
chr1,+,21083,21086,21083,21109,21106,21109,21077,21115,AGCATGTTTAAGGGGACGGGTTCAAAGCTGGTCACATCC,TTTAAGGGGACGGGTTCAAAGCTGGTC,TTTAAGGGGACGGGTTCAAAGCTGGTC,TTTA,21083,21109,21087,21109,AGGGGACGGGTTCAAAGCTGGTC
chr1,+,21979,21982,21979,22005,22002,22005,21973,22011,TTCCTTTTTACTCAAGCAATGGCCCCATTTCCCTTGGGG,TTTACTCAAGCAATGGCCCCATTTCCC,TTTACTCAAGCAATGGCCCCATTTCCC,TTTA,21979,22005,21983,22005,CTCAAGCAATGGCCCCATTTCCC
chr1,+,22335,22338,22335,22361,22358,22361,22329,22367,CATCATTTTAGCCCTTACTCCGAAGGCTGCTCTACTGAT,TTTAGCCCTTACTCCGAAGGCTGCTCT,TTTAGCCCTTACTCCGAAGGCTGCTCT,TTTA,22335,22361,22339,22361,GCCCTTACTCCGAAGGCTGCTCT
chr1,+,23010,23013,23010,23036,23033,23036,23004,23042,GGCACATTTAGCACAAAGATAAGCACAAAAGGTGCATCC,TTTAGCACAAAGATAAGCACAAAAGGT,TTTAGCACAAAGATAAGCACAAAAGGT,TTTA,23010,23036,23014,23036,GCACAAAGATAAGCACAAAAGGT
chr1,+,23069,23072,23069,23095,23092,23095,23063,23101,GGCAGGTTTATGAATGGCAACCAAAGGCAGTGTACGGGT,TTTATGAATGGCAACCAAAGGCAGTGT,TTTATGAATGGCAACCAAAGGCAGTGT,TTTA,23069,23095,23073,23095,TGAATGGCAACCAAAGGCAGTGT
chr1,+,23189,23192,23189,23215,23212,23215,23183,23221,GATTAATTTAATATTTAAAATAATTCTACCAGGAAGCTA,TTTAATATTTAAAATAATTCTACCAGG,TTTAATATTTAAAATAATTCTACCAGG,TTTA,23189,23215,23193,23215,ATATTTAAAATAATTCTACCAGG
chr1,+,23196,23199,23196,23222,23219,23222,23190,23228,TTAATATTTAAAATAATTCTACCAGGAAGCTACCATTAT,TTTAAAATAATTCTACCAGGAAGCTAC,TTTAAAATAATTCTACCAGGAAGCTAC,TTTA,23196,23222,23200,23222,AAATAATTCTACCAGGAAGCTAC
chr1,+,23697,23700,23697,23723,23720,23723,23691,23729,GGGACCTTTACCAAAAAAAGAGCAAACACCATTCACTCA,TTTACCAAAAAAAGAGCAAACACCATT,TTTACCAAAAAAAGAGCAAACACCATT,TTTA,23697,23723,23701,23723,CCAAAAAAAGAGCAAACACCATT
chr1,+,23868,23871,23868,23894,23891,23894,23862,23900,CTTCCTTTTAGGTCCTCCACCTCCAGGCTGTAGTTCATG,TTTAGGTCCTCCACCTCCAGGCTGTAG,TTTAGGTCCTCCACCTCCAGGCTGTAG,TTTA,23868,23894,23872,23894,GGTCCTCCACCTCCAGGCTGTAG
chr1,+,23950,23953,23950,23976,23973,23976,23944,23982,TCAGACTTTACCATAAATGTCATTTCCTCACGTCTGCCT,TTTACCATAAATGTCATTTCCTCACGT,TTTACCATAAATGTCATTTCCTCACGT,TTTA,23950,23976,23954,23976,CCATAAATGTCATTTCCTCACGT
chr1,+,24229,24232,24229,24255,24252,24255,24223,24261,GCACGGTTTATATGAATATTAGTGATTACAAAATATTAT,TTTATATGAATATTAGTGATTACAAAA,TTTATATGAATATTAGTGATTACAAAA,TTTA,24229,24255,24233,24255,TATGAATATTAGTGATTACAAAA
chr1,+,24312,24315,24312,24338,24335,24338,24306,24344,TGCTTATTTAGGTCTTTCTCTCCTGCCAGAATGTGCGCT,TTTAGGTCTTTCTCTCCTGCCAGAATG,TTTAGGTCTTTCTCTCCTGCCAGAATG,TTTA,24312,24338,24316,24338,GGTCTTTCTCTCCTGCCAGAATG
chr1,+,25395,25398,25395,25421,25418,25421,25389,25427,TCCCACTTTAACCCCTGAGGAATCTGAGGCCTGCTCCTG,TTTAACCCCTGAGGAATCTGAGGCCTG,TTTAACCCCTGAGGAATCTGAGGCCTG,TTTA,25395,25421,25399,25421,ACCCCTGAGGAATCTGAGGCCTG
chr1,+,25586,25589,25586,25612,25609,25612,25580,25618,AGTCTATTTATATTGGGTTTAATTAACTCCTCTCCCTGG,TTTATATTGGGTTTAATTAACTCCTCT,TTTATATTGGGTTTAATTAACTCCTCT,TTTA,25586,25612,25590,25612,TATTGGGTTTAATTAACTCCTCT
chr1,+,25597,25600,25597,25623,25620,25623,25591,25629,ATTGGGTTTAATTAACTCCTCTCCCTGGTGCCACTAAAG,TTTAATTAACTCCTCTCCCTGGTGCCA,TTTAATTAACTCCTCTCCCTGGTGCCA,TTTA,25597,25623,25601,25623,ATTAACTCCTCTCCCTGGTGCCA
chr1,+,25882,25885,25882,25908,25905,25908,25876,25914,CTTGGGTTTAAAATGCTGTGACCTTGAGTAAGTTGCCGT,TTTAAAATGCTGTGACCTTGAGTAAGT,TTTAAAATGCTGTGACCTTGAGTAAGT,TTTA,25882,25908,25886,25908,AAATGCTGTGACCTTGAGTAAGT
chr1,+,26004,26007,26004,26030,26027,26030,25998,26036,GTATATTTTACATAACGCACCACACCAACATCTTCACCC,TTTACATAACGCACCACACCAACATCT,TTTACATAACGCACCACACCAACATCT,TTTA,26004,26030,26008,26030,CATAACGCACCACACCAACATCT
chr1,+,26324,26327,26324,26350,26347,26350,26318,26356,TTTGTATTTATACTGATGCAAGTTTGCTGGCTGTCCTAA,TTTATACTGATGCAAGTTTGCTGGCTG,TTTATACTGATGCAAGTTTGCTGGCTG,TTTA,26324,26350,26328,26350,TACTGATGCAAGTTTGCTGGCTG
chr1,+,26568,26571,26568,26594,26591,26594,26562,26600,GAGTGGTTTACTTTCTGTCTGCAAACATCTACTGATCAT,TTTACTTTCTGTCTGCAAACATCTACT,TTTACTTTCTGTCTGCAAACATCTACT,TTTA,26568,26594,26572,26594,CTTTCTGTCTGCAAACATCTACT
chr1,+,27428,27431,27428,27454,27451,27454,27422,27460,TATTATTTTATATTGATTACGTGCTAAAATAACCATATT,TTTATATTGATTACGTGCTAAAATAAC,TTTATATTGATTACGTGCTAAAATAAC,TTTA,27428,27454,27432,27454,TATTGATTACGTGCTAAAATAAC
chr1,+,27476,27479,27476,27502,27499,27502,27470,27508,CTGGATTTTAAAAATATATCACTAATTTCATCTGTTTCT,TTTAAAAATATATCACTAATTTCATCT,TTTAAAAATATATCACTAATTTCATCT,TTTA,27476,27502,27480,27502,AAAATATATCACTAATTTCATCT
chr1,+,27510,27513,27510,27536,27533,27536,27504,27542,TTTCTTTTTACTTTTAGAAATCACATATGTGACTTAAAT,TTTACTTTTAGAAATCACATATGTGAC,TTTACTTTTAGAAATCACATATGTGAC,TTTA,27510,27536,27514,27536,CTTTTAGAAATCACATATGTGAC
chr1,+,27516,27519,27516,27542,27539,27542,27510,27548,TTTACTTTTAGAAATCACATATGTGACTTAAATATTTCT,TTTAGAAATCACATATGTGACTTAAAT,TTTAGAAATCACATATGTGACTTAAAT,TTTA,27516,27542,27520,27542,GAAATCACATATGTGACTTAAAT
chr1,+,27679,27682,27679,27705,27702,27705,27673,27711,TATCATTTTATGGCCCCTTCTTCCTATATCTGGTAGCTT,TTTATGGCCCCTTCTTCCTATATCTGG,TTTATGGCCCCTTCTTCCTATATCTGG,TTTA,27679,27705,27683,27705,TGGCCCCTTCTTCCTATATCTGG
chr1,+,27711,27714,27711,27737,27734,27737,27705,27743,GTAGCTTTTAAATGATGACCATGTAGATAATCTTTATTG,TTTAAATGATGACCATGTAGATAATCT,TTTAAATGATGACCATGTAGATAATCT,TTTA,27711,27737,27715,27737,AATGATGACCATGTAGATAATCT
chr1,+,27737,27740,27737,27763,27760,27763,27731,27769,ATAATCTTTATTGTCCCTCTTTCAGCAGACGGTATTTTC,TTTATTGTCCCTCTTTCAGCAGACGGT,TTTATTGTCCCTCTTTCAGCAGACGGT,TTTA,27737,27763,27741,27763,TTGTCCCTCTTTCAGCAGACGGT
chr1,+,27839,27842,27839,27865,27862,27865,27833,27871,ATCTCATTTAACTCTTATTATCAGTGAATTTATCATCAT,TTTAACTCTTATTATCAGTGAATTTAT,TTTAACTCTTATTATCAGTGAATTTAT,TTTA,27839,27865,27843,27865,ACTCTTATTATCAGTGAATTTAT
chr1,+,27861,27864,27861,27887,27884,27887,27855,27893,AGTGAATTTATCATCATCCCCTATTTTACATAAGGAAAT,TTTATCATCATCCCCTATTTTACATAA,TTTATCATCATCCCCTATTTTACATAA,TTTA,27861,27887,27865,27887,TCATCATCCCCTATTTTACATAA
chr1,+,27879,27882,27879,27905,27902,27905,27873,27911,CCCTATTTTACATAAGGAAATGGGGTTAGAAAGACCAAA,TTTACATAAGGAAATGGGGTTAGAAAG,TTTACATAAGGAAATGGGGTTAGAAAG,TTTA,27879,27905,27883,27905,CATAAGGAAATGGGGTTAGAAAG
chr1,+,27994,27997,27994,28020,28017,28020,27988,28026,TTGTTATTTATTGATATGTTTTGTTGTTTTCATGCAATA,TTTATTGATATGTTTTGTTGTTTTCAT,TTTATTGATATGTTTTGTTGTTTTCAT,TTTA,27994,28020,27998,28020,TTGATATGTTTTGTTGTTTTCAT
chr1,+,28096,28099,28096,28122,28119,28122,28090,28128,TTTGTCTTTATGTAAACCTAAATTAGATCTGTTTTTGAT,TTTATGTAAACCTAAATTAGATCTGTT,TTTATGTAAACCTAAATTAGATCTGTT,TTTA,28096,28122,28100,28122,TGTAAACCTAAATTAGATCTGTT
chr1,+,28195,28198,28195,28221,28218,28221,28189,28227,CGTTACTTTAGTATACATCACCCCAATTGTTTGTCTTCA,TTTAGTATACATCACCCCAATTGTTTG,TTTAGTATACATCACCCCAATTGTTTG,TTTA,28195,28221,28199,28221,GTATACATCACCCCAATTGTTTG
chr1,-,10247,10250,10224,10250,10224,10227,10218,10256,ACCCTAACCCTAACCCCTAACCCTAACCCTAAACCCTAA,ACCCTAACCCCTAACCCTAACCCTAAA,TTTAGGGTTAGGGTTAGGGGTTAGGGT,TTTA,10224,10250,10224,10246,GGGTTAGGGTTAGGGGTTAGGGT
chr1,-,10254,10257,10231,10257,10231,10234,10225,10263,CCCTAACCCCTAACCCTAACCCTAAACCCTAAACCCTAA,CCCCTAACCCTAACCCTAAACCCTAAA,TTTAGGGTTTAGGGTTAGGGTTAGGGG,TTTA,10231,10257,10231,10253,GGGTTTAGGGTTAGGGTTAGGGG
chr1,-,11513,11516,11490,11516,11490,11493,11484,11522,GCATATGCTGTTTGGTCTCAGTAGACTCCTAAATATGGG,GCTGTTTGGTCTCAGTAGACTCCTAAA,TTTAGGAGTCTACTGAGACCAAACAGC,TTTA,11490,11516,11490,11512,GGAGTCTACTGAGACCAAACAGC
chr1,-,11534,11537,11511,11537,11511,11514,11505,11543,TAGACTCCTAAATATGGGATTCCTGGGTTTAAAAGTAAA,CCTAAATATGGGATTCCTGGGTTTAAA,TTTAAACCCAGGAATCCCATATTTAGG,TTTA,11511,11537,11511,11533,AACCCAGGAATCCCATATTTAGG
chr1,-,11540,11543,11517,11543,11517,11520,11511,11549,CCTAAATATGGGATTCCTGGGTTTAAAAGTAAAAAATAA,TATGGGATTCCTGGGTTTAAAAGTAAA,TTTACTTTTAAACCCAGGAATCCCATA,TTTA,11517,11543,11517,11539,CTTTTAAACCCAGGAATCCCATA
chr1,-,11547,11550,11524,11550,11524,11527,11518,11556,ATGGGATTCCTGGGTTTAAAAGTAAAAAATAAATATGTT,TTCCTGGGTTTAAAAGTAAAAAATAAA,TTTATTTTTTACTTTTAAACCCAGGAA,TTTA,11524,11550,11524,11546,TTTTTTACTTTTAAACCCAGGAA
chr1,-,11732,11735,11709,11735,11709,11712,11703,11741,GGGCTGGGGCCTGGCCATGTGTATTTTTTTAAATTTCCA,GGGCCTGGCCATGTGTATTTTTTTAAA,TTTAAAAAAATACACATGGCCAGGCCC,TTTA,11709,11735,11709,11731,AAAAAATACACATGGCCAGGCCC
chr1,-,11823,11826,11800,11826,11800,11803,11794,11832,GATTTCCTTTGCTGTTCCTGCATGTAGTTTAAACGAGAT,CTTTGCTGTTCCTGCATGTAGTTTAAA,TTTAAACTACATGCAGGAACAGCAAAG,TTTA,11800,11826,11800,11822,AACTACATGCAGGAACAGCAAAG
chr1,-,12877,12880,12854,12880,12854,12857,12848,12886,TCTGGAGCCCTGCTGCTTGCGGTGGCCTATAAAGCCTCC,GCCCTGCTGCTTGCGGTGGCCTATAAA,TTTATAGGCCACCGCAAGCAGCAGGGC,TTTA,12854,12880,12854,12876,TAGGCCACCGCAAGCAGCAGGGC
chr1,-,13867,13870,13844,13870,13844,13847,13838,13876,CCATCTGCTACTGCCCTTTCTATAATAACTAAAGTTAGC,GCTACTGCCCTTTCTATAATAACTAAA,TTTAGTTATTATAGAAAGGGCAGTAGC,TTTA,13844,13870,13844,13866,GTTATTATAGAAAGGGCAGTAGC
chr1,-,14387,14390,14364,14390,14364,14367,14358,14396,TGCATCCTGCACAGCTAGAGATCCTTTATTAAAAGCACA,CTGCACAGCTAGAGATCCTTTATTAAA,TTTAATAAAGGATCTCTAGCTGTGCAG,TTTA,14364,14390,14364,14386,ATAAAGGATCTCTAGCTGTGCAG
chr1,-,14896,14899,14873,14899,14873,14876,14867,14905,AACCCTGGTTCCCCCAGCCCCCGGAGACTTAAATACAGG,GGTTCCCCCAGCCCCCGGAGACTTAAA,TTTAAGTCTCCGGGGGCTGGGGGAACC,TTTA,14873,14899,14873,14895,AGTCTCCGGGGGCTGGGGGAACC
chr1,-,15468,15471,15445,15471,15445,15448,15439,15477,TAGCCTCCAGAGGCCTCAGGTCCAGTCTCTAAAAATATC,CCAGAGGCCTCAGGTCCAGTCTCTAAA,TTTAGAGACTGGACCTGAGGCCTCTGG,TTTA,15445,15471,15445,15467,GAGACTGGACCTGAGGCCTCTGG
chr1,-,18817,18820,18794,18820,18794,18797,18788,18826,TGGCAAGGCTGGACCTGAGTGTCGTCACCTAAATTCAGA,GGCTGGACCTGAGTGTCGTCACCTAAA,TTTAGGTGACGACACTCAGGTCCAGCC,TTTA,18794,18820,18794,18816,GGTGACGACACTCAGGTCCAGCC
chr1,-,19480,19483,19457,19483,19457,19460,19451,19489,CTCTGGGCTAGGGAAAGCTGGGATGTCTCTAAAGGTTGG,GCTAGGGAAAGCTGGGATGTCTCTAAA,TTTAGAGACATCCCAGCTTTCCCTAGC,TTTA,19457,19483,19457,19479,GAGACATCCCAGCTTTCCCTAGC
chr1,-,19597,19600,19574,19600,19574,19577,19568,19606,AATTTCACAATCCAGAAGTCCCCGTGCCCTAAAGGGTCT,ACAATCCAGAAGTCCCCGTGCCCTAAA,TTTAGGGCACGGGGACTTCTGGATTGT,TTTA,19574,19600,19574,19596,GGGCACGGGGACTTCTGGATTGT
chr1,-,19833,19836,19810,19836,19810,19813,19804,19842,TCTGGCTGGGGAGAGGCCTTCATCTGCTGTAAAGGGTCC,TGGGGAGAGGCCTTCATCTGCTGTAAA,TTTACAGCAGATGAAGGCCTCTCCCCA,TTTA,19810,19836,19810,19832,CAGCAGATGAAGGCCTCTCCCCA
chr1,-,20094,20097,20071,20097,20071,20074,20065,20103,AGCCCTGGAAAATTTCTGGAATGGATTATTAAACAGAGA,GGAAAATTTCTGGAATGGATTATTAAA,TTTAATAATCCATTCCAGAAATTTTCC,TTTA,20071,20097,20071,20093,ATAATCCATTCCAGAAATTTTCC
chr1,-,20503,20506,20480,20506,20480,20483,20474,20512,CATGATCGAATCAAGGCTCAGACAATTTTTAAAGGCCAG,CGAATCAAGGCTCAGACAATTTTTAAA,TTTAAAAATTGTCTGAGCCTTGATTCG,TTTA,20480,20506,20480,20502,AAAATTGTCTGAGCCTTGATTCG
chr1,-,20579,20582,20556,20582,20556,20559,20550,20588,AACAAATGTGAAGCCCAACATTTAGGTTTTAAAAATCAA,TGTGAAGCCCAACATTTAGGTTTTAAA,TTTAAAACCTAAATGTTGGGCTTCACA,TTTA,20556,20582,20556,20578,AAACCTAAATGTTGGGCTTCACA
chr1,-,20594,20597,20571,20597,20571,20574,20565,20603,CAACATTTAGGTTTTAAAAATCAAGCGTATAAATACAGA,TTAGGTTTTAAAAATCAAGCGTATAAA,TTTATACGCTTGATTTTTAAAACCTAA,TTTA,20571,20597,20571,20593,TACGCTTGATTTTTAAAACCTAA
chr1,-,20685,20688,20662,20688,20662,20665,20656,20694,CTTCTGTTAACTATAAGCTCAGTAGGGGCTAAAAGCATG,TTAACTATAAGCTCAGTAGGGGCTAAA,TTTAGCCCCTACTGAGCTTATAGTTAA,TTTA,20662,20688,20662,20684,GCCCCTACTGAGCTTATAGTTAA
chr1,-,20705,20708,20682,20708,20682,20685,20676,20714,AGTAGGGGCTAAAAGCATGTTAATCGGCATAAAAAGGCA,GGCTAAAAGCATGTTAATCGGCATAAA,TTTATGCCGATTAACATGCTTTTAGCC,TTTA,20682,20708,20682,20704,TGCCGATTAACATGCTTTTAGCC
chr1,-,22969,22972,22946,22972,22946,22949,22940,22978,GGTGGCCATAATCTGGAGCTGATGGCTCTTAAAGACCTG,CATAATCTGGAGCTGATGGCTCTTAAA,TTTAAGAGCCATCAGCTCCAGATTATG,TTTA,22946,22972,22946,22968,AGAGCCATCAGCTCCAGATTATG
chr1,-,23198,23201,23175,23201,23175,23178,23169,23207,CCTTTGCATGTTTTGATTAATTTAATATTTAAAATAATT,CATGTTTTGATTAATTTAATATTTAAA,TTTAAATATTAAATTAATCAAAACATG,TTTA,23175,23201,23175,23197,AATATTAAATTAATCAAAACATG
chr1,-,23741,23744,23718,23744,23718,23721,23712,23750,GCAAACACCATTCACTCACTCATGTTAGATAAACACTGA,ACCATTCACTCACTCATGTTAGATAAA,TTTATCTAACATGAGTGAGTGAATGGT,TTTA,23718,23744,23718,23740,TCTAACATGAGTGAGTGAATGGT
chr1,-,23957,23960,23934,23960,23934,23937,23928,23966,CCTACCCACTCAACCCTCAGACTTTACCATAAATGTCAT,CACTCAACCCTCAGACTTTACCATAAA,TTTATGGTAAAGTCTGAGGGTTGAGTG,TTTA,23934,23960,23934,23956,TGGTAAAGTCTGAGGGTTGAGTG
chr1,-,24158,24161,24135,24161,24135,24138,24129,24167,GCCCTTCTGTGCCTCAGTTTCCTCATCTATAAAATGAGA,CTGTGCCTCAGTTTCCTCATCTATAAA,TTTATAGATGAGGAAACTGAGGCACAG,TTTA,24135,24161,24135,24157,TAGATGAGGAAACTGAGGCACAG
chr1,-,24426,24429,24403,24429,24403,24406,24397,24435,ACACTGCCTTGCACACGAGCACTGCTGGGTAAATATTTG,CCTTGCACACGAGCACTGCTGGGTAAA,TTTACCCAGCAGTGCTCGTGTGCAAGG,TTTA,24403,24429,24403,24425,CCCAGCAGTGCTCGTGTGCAAGG
chr1,-,24568,24571,24545,24571,24545,24548,24539,24577,AAGGGAGTGAGCTCTCGGACTCCCAGGAGTAAAAGCTTC,GTGAGCTCTCGGACTCCCAGGAGTAAA,TTTACTCCTGGGAGTCCGAGAGCTCAC,TTTA,24545,24571,24545,24567,CTCCTGGGAGTCCGAGAGCTCAC
chr1,-,25247,25250,25224,25250,25224,25227,25218,25256,CTTGTCTCAGTTCAGCTCCCCACCTTGGATAAACAAGAA,TCAGTTCAGCTCCCCACCTTGGATAAA,TTTATCCAAGGTGGGGAGCTGAACTGA,TTTA,25224,25250,25224,25246,TCCAAGGTGGGGAGCTGAACTGA
chr1,-,25625,25628,25602,25628,25602,25605,25596,25634,GTTTAATTAACTCCTCTCCCTGGTGCCACTAAAGCAGCA,TTAACTCCTCTCCCTGGTGCCACTAAA,TTTAGTGGCACCAGGGAGAGGAGTTAA,TTTA,25602,25628,25602,25624,GTGGCACCAGGGAGAGGAGTTAA
chr1,-,25708,25711,25685,25711,25685,25688,25679,25717,AGGCAGAATATTAAGGGACCAGGCCCCTATAAATAGGCC,AATATTAAGGGACCAGGCCCCTATAAA,TTTATAGGGGCCTGGTCCCTTAATATT,TTTA,25685,25711,25685,25707,TAGGGGCCTGGTCCCTTAATATT
chr1,-,25884,25887,25861,25887,25861,25864,25855,25893,TGAAGGGCCTAGGAGATTTCACTTGGGTTTAAAATGCTG,GCCTAGGAGATTTCACTTGGGTTTAAA,TTTAAACCCAAGTGAAATCTCCTAGGC,TTTA,25861,25887,25861,25883,AACCCAAGTGAAATCTCCTAGGC
chr1,-,26227,26230,26204,26230,26204,26207,26198,26236,CCCACTTATTTTTCCTCCCATCAAATAACTAAAGCATGG,TATTTTTCCTCCCATCAAATAACTAAA,TTTAGTTATTTGATGGGAGGAAAAATA,TTTA,26204,26230,26204,26226,GTTATTTGATGGGAGGAAAAATA
chr1,-,26404,26407,26381,26407,26381,26384,26375,26413,TTCTCCCATATGTAAGATCACAAAGGGGGTAAAGATGCA,CATATGTAAGATCACAAAGGGGGTAAA,TTTACCCCCTTTGTGATCTTACATATG,TTTA,26381,26407,26381,26403,CCCCCTTTGTGATCTTACATATG
chr1,-,26676,26679,26653,26679,26653,26656,26647,26685,CACTAGCCAGGGAGAGTCTCAAAAACAACTAAACTCAAA,CCAGGGAGAGTCTCAAAAACAACTAAA,TTTAGTTGTTTTTGAGACTCTCCCTGG,TTTA,26653,26679,26653,26675,GTTGTTTTTGAGACTCTCCCTGG
chr1,-,26687,26690,26664,26690,26664,26667,26658,26696,GAGAGTCTCAAAAACAACTAAACTCAAATTAAATTCATT,CTCAAAAACAACTAAACTCAAATTAAA,TTTAATTTGAGTTTAGTTGTTTTTGAG,TTTA,26664,26690,26664,26686,ATTTGAGTTTAGTTGTTTTTGAG
chr1,-,26910,26913,26887,26913,26887,26890,26881,26919,TGACCAACATGGTGAAACTCCATCTCTACTAAAAATACA,ACATGGTGAAACTCCATCTCTACTAAA,TTTAGTAGAGATGGAGTTTCACCATGT,TTTA,26887,26913,26887,26909,GTAGAGATGGAGTTTCACCATGT
chr1,-,27101,27104,27078,27104,27078,27081,27072,27110,GGAAGAAGGTGCAAAGACAGCATTCCAGGTAAAAGAAAC,AGGTGCAAAGACAGCATTCCAGGTAAA,TTTACCTGGAATGCTGTCTTTGCACCT,TTTA,27078,27104,27078,27100,CCTGGAATGCTGTCTTTGCACCT
chr1,-,27202,27205,27179,27205,27179,27182,27173,27211,CCTTGGGGAAGTACTAGAAGAAAGAATGATAAACAGAGG,GGAAGTACTAGAAGAAAGAATGATAAA,TTTATCATTCTTTCTTCTAGTACTTCC,TTTA,27179,27205,27179,27201,TCATTCTTTCTTCTAGTACTTCC
chr1,-,27221,27224,27198,27224,27198,27201,27192,27230,GAAAGAATGATAAACAGAGGCCAGTTTGTTAAAAACACT,ATGATAAACAGAGGCCAGTTTGTTAAA,TTTAACAAACTGGCCTCTGTTTATCAT,TTTA,27198,27224,27198,27220,ACAAACTGGCCTCTGTTTATCAT
chr1,-,27237,27240,27214,27240,27214,27217,27208,27246,GAGGCCAGTTTGTTAAAAACACTCAAAATTAAAGCTAGG,AGTTTGTTAAAAACACTCAAAATTAAA,TTTAATTTTGAGTGTTTTTAACAAACT,TTTA,27214,27240,27214,27236,ATTTTGAGTGTTTTTAACAAACT
chr1,-,27371,27374,27348,27374,27348,27351,27342,27380,ATAGTCTGAATTGAGATGTGCCATAAGTGTAAAATATGC,TGAATTGAGATGTGCCATAAGTGTAAA,TTTACACTTATGGCACATCTCAATTCA,TTTA,27348,27374,27348,27370,CACTTATGGCACATCTCAATTCA
chr1,-,27412,27415,27389,27415,27389,27392,27383,27421,CAAATTTCAAAGGCTAGAAAAAAAGAATGTAAAATATCT,TCAAAGGCTAGAAAAAAAGAATGTAAA,TTTACATTCTTTTTTTCTAGCCTTTGA,TTTA,27389,27415,27389,27411,CATTCTTTTTTTCTAGCCTTTGA
chr1,-,27446,27449,27423,27449,27423,27426,27417,27455,TATCTTATTATTTTATATTGATTACGTGCTAAAATAACC,ATTATTTTATATTGATTACGTGCTAAA,TTTAGCACGTAATCAATATAAAATAAT,TTTA,27423,27449,27423,27445,GCACGTAATCAATATAAAATAAT
chr1,-,27478,27481,27455,27481,27455,27458,27449,27487,AATAACCATATTTGGGATATACTGGATTTTAAAAATATA,CATATTTGGGATATACTGGATTTTAAA,TTTAAAATCCAGTATATCCCAAATATG,TTTA,27455,27481,27455,27477,AAATCCAGTATATCCCAAATATG
chr1,-,27538,27541,27515,27541,27515,27518,27509,27547,TTTTACTTTTAGAAATCACATATGTGACTTAAATATTTC,TTTTAGAAATCACATATGTGACTTAAA,TTTAAGTCACATATGTGATTTCTAAAA,TTTA,27515,27541,27515,27537,AGTCACATATGTGATTTCTAAAA
chr1,-,27713,27716,27690,27716,27690,27693,27684,27722,GGCCCCTTCTTCCTATATCTGGTAGCTTTTAAATGATGA,TTCTTCCTATATCTGGTAGCTTTTAAA,TTTAAAAGCTACCAGATATAGGAAGAA,TTTA,27690,27716,27690,27712,AAAGCTACCAGATATAGGAAGAA
chr1,-,28102,28105,28079,28105,28079,28082,28073,28111,TCACCTTATCTTCATACTTTGTCTTTATGTAAACCTAAA,TATCTTCATACTTTGTCTTTATGTAAA,TTTACATAAAGACAAAGTATGAAGATA,TTTA,28079,28105,28079,28101,CATAAAGACAAAGTATGAAGATA
chr1,-,69873,69876,69850,69876,69850,69853,69844,69882,GCCTGGCCATTCCCCATCAAGTCATTAGATAAATTCCTT,CCATTCCCCATCAAGTCATTAGATAAA,TTTATCTAATGACTTGATGGGGAATGG,TTTA,69850,69876,69850,69872,TCTAATGACTTGATGGGGAATGG
chr1,-,69998,70001,69975,70001,69975,69978,69969,70007,GCTGAGAAAATGGGATGCACATTCTAGTGTAAAGTTTTA,AAAATGGGATGCACATTCTAGTGTAAA,TTTACACTAGAATGTGCATCCCATTTT,TTTA,69975,70001,69975,69997,CACTAGAATGTGCATCCCATTTT
chr1,-,451009,451012,450986,451012,450986,450989,450980,451018,TGAACCACCTGAGGAATGTTTCCAAACAGTAAACAGGAT,ACCTGAGGAATGTTTCCAAACAGTAAA,TTTACTGTTTGGAAACATTCCTCAGGT,TTTA,450986,451012,450986,451008,CTGTTTGGAAACATTCCTCAGGT
chr1,-,451063,451066,451040,451066,451040,451043,451034,451072,TAGAAGTATGAAGAAAGTACCCACACAGATAAACCCACT,TATGAAGAAAGTACCCACACAGATAAA,TTTATCTGTGTGGGTACTTTCTTCATA,TTTA,451040,451066,451040,451062,TCTGTGTGGGTACTTTCTTCATA
chr1,-,451181,451184,451158,451184,451158,451161,451152,451190,CTGTCCAACACATTAGGGCCACAGAAGGCTAAATTAACA,AACACATTAGGGCCACAGAAGGCTAAA,TTTAGCCTTCTGTGGCCCTAATGTGTT,TTTA,451158,451184,451158,451180,GCCTTCTGTGGCCCTAATGTGTT
chr1,-,451431,451434,451408,451434,451408,451411,451402,451440,AGATGACTTTGCGCTTTCTGAACAGGTCATAAATCATCT,CTTTGCGCTTTCTGAACAGGTCATAAA,TTTATGACCTGTTCAGAAAGCGCAAAG,TTTA,451408,451434,451408,451430,TGACCTGTTCAGAAAGCGCAAAG
chr1,-,945578,945581,945555,945581,945555,945558,945549,945587,TTCAGAGCTGTTCAGGTCAAAGAGGTCTTTAAATTGCTT,GCTGTTCAGGTCAAAGAGGTCTTTAAA,TTTAAAGACCTCTTTGACCTGAACAGC,TTTA,945555,945581,945555,945577,AAGACCTCTTTGACCTGAACAGC
chr1,-,1256092,1256095,1256069,1256095,1256069,1256072,1256063,1256101,TAATTCACAAAAGACTTTATCTTTCAAATTAAATGCTAA,ACAAAAGACTTTATCTTTCAAATTAAA,TTTAATTTGAAAGATAAAGTCTTTTGT,TTTA,1256069,1256095,1256069,1256091,ATTTGAAAGATAAAGTCTTTTGT
chr1,-,1256099,1256102,1256076,1256102,1256076,1256079,1256070,1256108,CAAAAGACTTTATCTTTCAAATTAAATGCTAAACTCTGC,ACTTTATCTTTCAAATTAAATGCTAAA,TTTAGCATTTAATTTGAAAGATAAAGT,TTTA,1256076,1256102,1256076,1256098,GCATTTAATTTGAAAGATAAAGT
chr1,-,1267997,1268000,1267974,1268000,1267974,1267977,1267968,1268006,CCCTCTTACTGCTGGTGCTGCTCATCTGTTAAAAGCAAC,TACTGCTGGTGCTGCTCATCTGTTAAA,TTTAACAGATGAGCAGCACCAGCAGTA,TTTA,1267974,1268000,1267974,1267996,ACAGATGAGCAGCACCAGCAGTA
chr1,-,1304145,1304148,1304122,1304148,1304122,1304125,1304116,1304154,GTCCGTCTCCACCTCGTCAATGGTCGCCCTAAAGCAAGA,CTCCACCTCGTCAATGGTCGCCCTAAA,TTTAGGGCGACCATTGACGAGGTGGAG,TTTA,1304122,1304148,1304122,1304144,GGGCGACCATTGACGAGGTGGAG
chr1,-,1332685,1332688,1332662,1332688,1332662,1332665,1332656,1332694,CATCACGCTGCAGAACGTGAGCGCAGGGCTAAATCACCA,GCTGCAGAACGTGAGCGCAGGGCTAAA,TTTAGCCCTGCGCTCACGTTCTGCAGC,TTTA,1332662,1332688,1332662,1332684,GCCCTGCGCTCACGTTCTGCAGC
chr1,-,1338016,1338019,1337993,1338019,1337993,1337996,1337987,1338025,CTGACTCCCGGTGCTGCCGCTGCCATAGCTAAAGCCCGG,CCCGGTGCTGCCGCTGCCATAGCTAAA,TTTAGCTATGGCAGCGGCAGCACCGGG,TTTA,1337993,1338019,1337993,1338015,GCTATGGCAGCGGCAGCACCGGG
chr1,-,1348918,1348921,1348895,1348921,1348895,1348898,1348889,1348927,GACTGACCCGAAGTCCTGGTCCATGGACTTAAAGAAGAA,CCCGAAGTCCTGGTCCATGGACTTAAA,TTTAAGTCCATGGACCAGGACTTCGGG,TTTA,1348895,1348921,1348895,1348917,AGTCCATGGACCAGGACTTCGGG
chr1,-,1354053,1354056,1354030,1354056,1354030,1354033,1354024,1354062,CCTCACCTAGCTGGATGTCCTCACTCCTGTAAAGCATCT,CTAGCTGGATGTCCTCACTCCTGTAAA,TTTACAGGAGTGAGGACATCCAGCTAG,TTTA,1354030,1354056,1354030,1354052,CAGGAGTGAGGACATCCAGCTAG
chr1,-,1374385,1374388,1374362,1374388,1374362,1374365,1374356,1374394,CCCTACCTGGGCCGGCCGGCGATGTGCTGTAAAGGGGCC,CTGGGCCGGCCGGCGATGTGCTGTAAA,TTTACAGCACATCGCCGGCCGGCCCAG,TTTA,1374362,1374388,1374362,1374384,CAGCACATCGCCGGCCGGCCCAG
chr1,-,1388086,1388089,1388063,1388089,1388063,1388066,1388057,1388095,GGGATTCCACTAGAATCAGAACAAGAGGTTAAAAGCCAA,CCACTAGAATCAGAACAAGAGGTTAAA,TTTAACCTCTTGTTCTGATTCTAGTGG,TTTA,1388063,1388089,1388063,1388085,ACCTCTTGTTCTGATTCTAGTGG
chr1,-,1390567,1390570,1390544,1390570,1390544,1390547,1390538,1390576,CAATGGGGACGATTGGGCAAAGGGATCTGTAAAAACAAA,GGACGATTGGGCAAAGGGATCTGTAAA,TTTACAGATCCCTTTGCCCAATCGTCC,TTTA,1390544,1390570,1390544,1390566,CAGATCCCTTTGCCCAATCGTCC
chr1,-,1390788,1390791,1390765,1390791,1390765,1390768,1390759,1390797,CACTGACCTCCAGCGTCCGGGCAGCAAGATAAATGCAGG,CCTCCAGCGTCCGGGCAGCAAGATAAA,TTTATCTTGCTGCCCGGACGCTGGAGG,TTTA,1390765,1390791,1390765,1390787,TCTTGCTGCCCGGACGCTGGAGG
chr1,-,1395472,1395475,1395449,1395475,1395449,1395452,1395443,1395481,CGTCTTTCCGCCTTTATAATTTGGTTCTTTAAATTAACA,TCCGCCTTTATAATTTGGTTCTTTAAA,TTTAAAGAACCAAATTATAAAGGCGGA,TTTA,1395449,1395475,1395449,1395471,AAGAACCAAATTATAAAGGCGGA
chr1,-,1398628,1398631,1398605,1398631,1398605,1398608,1398599,1398637,CCATGGAGTGCTTCACGAAGGACTTGGTATAAAAGAACC,AGTGCTTCACGAAGGACTTGGTATAAA,TTTATACCAAGTCCTTCGTGAAGCACT,TTTA,1398605,1398631,1398605,1398627,TACCAAGTCCTTCGTGAAGCACT
chr1,-,1452436,1452439,1452413,1452439,1452413,1452416,1452407,1452445,GACAGACCGGGACAAAGTGACAGCCACGGTAAACATACT,CCGGGACAAAGTGACAGCCACGGTAAA,TTTACCGTGGCTGTCACTTTGTCCCGG,TTTA,1452413,1452439,1452413,1452435,CCGTGGCTGTCACTTTGTCCCGG
chr1,-,1452448,1452451,1452425,1452451,1452425,1452428,1452419,1452457,CAAAGTGACAGCCACGGTAAACATACTCATAAAACAGGG,GACAGCCACGGTAAACATACTCATAAA,TTTATGAGTATGTTTACCGTGGCTGTC,TTTA,1452425,1452451,1452425,1452447,TGAGTATGTTTACCGTGGCTGTC
chr1,-,1482628,1482631,1482605,1482631,1482605,1482608,1482599,1482637,CAAAGTGACAGCCACGGTAAACATATTCATAAAACAGGG,GACAGCCACGGTAAACATATTCATAAA,TTTATGAATATGTTTACCGTGGCTGTC,TTTA,1482605,1482631,1482605,1482627,TGAATATGTTTACCGTGGCTGTC
chr1,-,1520619,1520622,1520596,1520622,1520596,1520599,1520590,1520628,GACAGACTGGGACAAAGTGACAGCCACGGTAAACATACT,CTGGGACAAAGTGACAGCCACGGTAAA,TTTACCGTGGCTGTCACTTTGTCCCAG,TTTA,1520596,1520622,1520596,1520618,CCGTGGCTGTCACTTTGTCCCAG
chr1,-,1544981,1544984,1544958,1544984,1544958,1544961,1544952,1544990,TTGATTCTCTTATTTCTGTCCAGCATATGTAAAATCCCA,CTCTTATTTCTGTCCAGCATATGTAAA,TTTACATATGCTGGACAGAAATAAGAG,TTTA,1544958,1544984,1544958,1544980,CATATGCTGGACAGAAATAAGAG
chr1,-,1564833,1564836,1564810,1564836,1564810,1564813,1564804,1564842,ACATCTGGTCATATGTGGTTTTGAAATCATAAACATTGG,GGTCATATGTGGTTTTGAAATCATAAA,TTTATGATTTCAAAACCACATATGACC,TTTA,1564810,1564836,1564810,1564832,TGATTTCAAAACCACATATGACC
chr1,-,1634636,1634639,1634613,1634639,1634613,1634616,1634607,1634645,AGTCCGTGTGCGGGGCTGAGCCCGGCTGATAAAGCACTT,TGTGCGGGGCTGAGCCCGGCTGATAAA,TTTATCAGCCGGGCTCAGCCCCGCACA,TTTA,1634613,1634639,1634613,1634635,TCAGCCGGGCTCAGCCCCGCACA
chr1,-,1642011,1642014,1641988,1642014,1641988,1641991,1641982,1642020,TTCCATTTTCTCTTCTTTTACTTATGAGATAAACCATAA,TTTCTCTTCTTTTACTTATGAGATAAA,TTTATCTCATAAGTAAAAGAAGAGAAA,TTTA,1641988,1642014,1641988,1642010,TCTCATAAGTAAAAGAAGAGAAA
chr1,-,1642018,1642021,1641995,1642021,1641995,1641998,1641989,1642027,TTCTCTTCTTTTACTTATGAGATAAACCATAAAGGTGAA,TCTTTTACTTATGAGATAAACCATAAA,TTTATGGTTTATCTCATAAGTAAAAGA,TTTA,1641995,1642021,1641995,1642017,TGGTTTATCTCATAAGTAAAAGA
chr1,-,1649649,1649652,1649626,1649652,1649626,1649629,1649620,1649658,TCACTCTAGCATGCTTCCCTAATGAGAAATAAAGTGTCA,TAGCATGCTTCCCTAATGAGAAATAAA,TTTATTTCTCATTAGGGAAGCATGCTA,TTTA,1649626,1649652,1649626,1649648,TTTCTCATTAGGGAAGCATGCTA
chr1,-,1652573,1652576,1652550,1652576,1652550,1652553,1652544,1652582,CCAAAGAATCATCTTCTTCTCCTCTGAAATAAAACACAA,AATCATCTTCTTCTCCTCTGAAATAAA,TTTATTTCAGAGGAGAAGAAGATGATT,TTTA,1652550,1652576,1652550,1652572,TTTCAGAGGAGAAGAAGATGATT
chr1,-,1657447,1657450,1657424,1657450,1657424,1657427,1657418,1657456,CTTCGTTTCTTTTCCTGAAGAATTTCATCTAAAGTTTTC,TTCTTTTCCTGAAGAATTTCATCTAAA,TTTAGATGAAATTCTTCAGGAAAAGAA,TTTA,1657424,1657450,1657424,1657446,GATGAAATTCTTCAGGAAAAGAA
chr1,-,1657492,1657495,1657469,1657495,1657469,1657472,1657463,1657501,CAAGAGTCCTTTTCATCACCCATTTGAGTTAAAACACTG,TCCTTTTCATCACCCATTTGAGTTAAA,TTTAACTCAAATGGGTGATGAAAAGGA,TTTA,1657469,1657495,1657469,1657491,ACTCAAATGGGTGATGAAAAGGA
chr1,-,1670158,1670161,1670135,1670161,1670135,1670138,1670129,1670167,TTTTTGAAAAAACATTTTGCAAACTAGAATAAAGAAAAG,AAAAAACATTTTGCAAACTAGAATAAA,TTTATTCTAGTTTGCAAAATGTTTTTT,TTTA,1670135,1670161,1670135,1670157,TTCTAGTTTGCAAAATGTTTTTT
chr1,-,1675592,1675595,1675569,1675595,1675569,1675572,1675563,1675601,GACCAAACCCAAAACCACAGTTGCAAACCTAAAAATGAG,ACCCAAAACCACAGTTGCAAACCTAAA,TTTAGGTTTGCAACTGTGGTTTTGGGT,TTTA,1675569,1675595,1675569,1675591,GGTTTGCAACTGTGGTTTTGGGT
chr1,-,1790553,1790556,1790530,1790556,1790530,1790533,1790524,1790562,AAGGCTCATGACATCTCCAGTGTGTCCGGTAAACGTGGT,CATGACATCTCCAGTGTGTCCGGTAAA,TTTACCGGACACACTGGAGATGTCATG,TTTA,1790530,1790556,1790530,1790552,CCGGACACACTGGAGATGTCATG
chr1,-,1804478,1804481,1804455,1804481,1804455,1804458,1804449,1804487,GCACGTTCCCCTCACGAGTTTTCAGATTGTAAATGGAGC,TCCCCTCACGAGTTTTCAGATTGTAAA,TTTACAATCTGAAAACTCGTGAGGGGA,TTTA,1804455,1804481,1804455,1804477,CAATCTGAAAACTCGTGAGGGGA
chr1,-,1815871,1815874,1815848,1815874,1815848,1815851,1815842,1815880,TGGGTCGATGTTGTTTGTGATCTTGAAAATAAAAACATT,GATGTTGTTTGTGATCTTGAAAATAAA,TTTATTTTCAAGATCACAAACAACATC,TTTA,1815848,1815874,1815848,1815870,TTTTCAAGATCACAAACAACATC
chr1,-,1925940,1925943,1925917,1925943,1925917,1925920,1925911,1925949,TGGTGATGATGTCCAGTGTTTCTTGAGCCTAAAGAGACC,TGATGTCCAGTGTTTCTTGAGCCTAAA,TTTAGGCTCAAGAAACACTGGACATCA,TTTA,1925917,1925943,1925917,1925939,GGCTCAAGAAACACTGGACATCA
chr1,-,1939776,1939779,1939753,1939779,1939753,1939756,1939747,1939785,GGTGAATCCCACTGGCTTGTTCTGAGACATAAAGGGCAC,TCCCACTGGCTTGTTCTGAGACATAAA,TTTATGTCTCAGAACAAGCCAGTGGGA,TTTA,1939753,1939779,1939753,1939775,TGTCTCAGAACAAGCCAGTGGGA
chr1,-,1959211,1959214,1959188,1959214,1959188,1959191,1959182,1959220,AGATATTTCCTTCTAGATCCTTGTTTATCTAAAACATAA,TTCCTTCTAGATCCTTGTTTATCTAAA,TTTAGATAAACAAGGATCTAGAAGGAA,TTTA,1959188,1959214,1959188,1959210,GATAAACAAGGATCTAGAAGGAA
chr1,-,1959218,1959221,1959195,1959221,1959195,1959198,1959189,1959227,TCCTTCTAGATCCTTGTTTATCTAAAACATAAAACAACC,TAGATCCTTGTTTATCTAAAACATAAA,TTTATGTTTTAGATAAACAAGGATCTA,TTTA,1959195,1959221,1959195,1959217,TGTTTTAGATAAACAAGGATCTA
chr1,-,1972098,1972101,1972075,1972101,1972075,1972078,1972069,1972107,CTTGCTCTCGGATTCTGAGGAAGGACATTTAAACATTTT,CTCGGATTCTGAGGAAGGACATTTAAA,TTTAAATGTCCTTCCTCAGAATCCGAG,TTTA,1972075,1972101,1972075,1972097,AATGTCCTTCCTCAGAATCCGAG
chr1,-,1988995,1988998,1988972,1988998,1988972,1988975,1988966,1989004,ATCTCTTTCTAGAAATCAAGGCAAGAGTTTAAAAAAAAA,TTCTAGAAATCAAGGCAAGAGTTTAAA,TTTAAACTCTTGCCTTGATTTCTAGAA,TTTA,1988972,1988998,1988972,1988994,AACTCTTGCCTTGATTTCTAGAA
chr1,-,2148909,2148912,2148886,2148912,2148886,2148889,2148880,2148918,ATTTCCTCATCCCGGAAGCATGACAGCATTAAAGACGAC,TCATCCCGGAAGCATGACAGCATTAAA,TTTAATGCTGTCATGCTTCCGGGATGA,TTTA,2148886,2148912,2148886,2148908,ATGCTGTCATGCTTCCGGGATGA
chr1,-,2174814,2174817,2174791,2174817,2174791,2174794,2174785,2174823,GTTCCTGTCCGTCAAAGCCTCCCATGTTTTAAAAGGATT,GTCCGTCAAAGCCTCCCATGTTTTAAA,TTTAAAACATGGGAGGCTTTGACGGAC,TTTA,2174791,2174817,2174791,2174813,AAACATGGGAGGCTTTGACGGAC
chr1,-,2174826,2174829,2174803,2174829,2174803,2174806,2174797,2174835,CAAAGCCTCCCATGTTTTAAAAGGATTTTTAAATAAGGT,CTCCCATGTTTTAAAAGGATTTTTAAA,TTTAAAAATCCTTTTAAAACATGGGAG,TTTA,2174803,2174829,2174803,2174825,AAAATCCTTTTAAAACATGGGAG
chr1,-,2175315,2175318,2175292,2175318,2175292,2175295,2175286,2175324,GTTCTTCCGCAGCATAGACTGGGACTTGGTAAAGCATCA,CCGCAGCATAGACTGGGACTTGGTAAA,TTTACCAAGTCCCAGTCTATGCTGCGG,TTTA,2175292,2175318,2175292,2175314,CCAAGTCCCAGTCTATGCTGCGG
chr1,-,2388317,2388320,2388294,2388320,2388294,2388297,2388288,2388326,AAACGCCCCTTCGTAATAACTGCCATCTTTAAATAACAA,CCCTTCGTAATAACTGCCATCTTTAAA,TTTAAAGATGGCAGTTATTACGAAGGG,TTTA,2388294,2388320,2388294,2388316,AAGATGGCAGTTATTACGAAGGG